{
	"fallback": "minecraft:empty",
	"elements": [
		{
			"weight": 22,
			"element": {
				"element_type": "minecraft:single_pool_element",
				"projection": "terrain_matching",
				"location": "cultepack:village_foret_mutante/rue/rue_dep",
				"processors": "minecraft:empty"
			}
			
		},
		{
			"weight": 12,
			"element": {
				"element_type": "minecraft:single_pool_element",
				"projection": "terrain_matching",
				"location": "cultepack:village_foret_mutante/rue/rue_angle",
				"processors": "minecraft:empty"
			}
			
		},
		{
			"weight": 4,
			"element": {
				"element_type": "minecraft:single_pool_element",
				"projection": "terrain_matching",
				"location": "cultepack:village_foret_mutante/rue/rue_croix",
				"processors": "minecraft:empty"
			}
			
		},
		{
			"weight": 10,
			"element": {
				"element_type": "minecraft:single_pool_element",
				"projection": "terrain_matching",
				"location": "cultepack:village_foret_mutante/rue/petit",
				"processors": "minecraft:empty"
			}
			
		}
		
	]
}
