{
	"type": "minecraft:chest",
	"pools": [
		{
			"rolls": {
			  "min": 1,
			  "max": 1
			},
			"entries": [
			  {
				"weight" : 1,
				"type": "minecraft:loot_table",
				"value": "cultepack:entities/map"
			  },
			  {
				"weight" : 6,
				"type": "minecraft:loot_table",
				"value": "cultepack:entities/vide"
			  }
			]
		  },
		{
			"rolls": 5,
			"entries": [
				{
					"type": "minecraft:item",
					"weight": 2,
					"name": "minecraft:piglin_head",
					"functions": [
						{
							"function": "minecraft:set_count",
							"count": {
								"min": 1,
								"max": 2
							}
						}
					]
				},
				{
					"type": "minecraft:item",
					"weight": 2,
					"name": "minecraft:diamond",
					"functions": [
						{
							"function": "minecraft:set_count",
							"count": {
								"min": 1,
								"max": 2
							}
						}
					]
				},
				{
					"type": "minecraft:item",
					"weight": 1,
					"name": "minecraft:shield",
					"functions": [
						{
							"function": "minecraft:set_components",
							"components":{
								"minecraft:custom_name": "[{\"text\":\"Bouclier \",\"italic\":false,\"color\":\"gold\"},{\"text\":\"[FIRE]\",\"italic\":true,\"color\":\"dark_red\"}]",
								"minecraft:lore": [
								  "[{\"text\":\"Donne un effet de\"}]",
								  "[{\"text\":\"fire resistance\",\"italic\":true},{\"text\":\"\",\"italic\":false}]",
								  "[{\"text\":\"\",\"italic\":false}]"
								],
								"minecraft:base_color": "orange",
								"minecraft:banner_patterns": [
								  {
									"color": "black",
									"pattern": "straight_cross"
								  },
								  {
									"color": "orange",
									"pattern": "bricks"
								  },
								  {
									"color": "orange",
									"pattern": "stripe_middle"
								  },
								  {
									"color": "black",
									"pattern": "flower"
								  },
								  {
									"color": "orange",
									"pattern": "triangle_top"
								  },
								  {
									"color": "red",
									"pattern": "gradient_up"
								  }
								],
								"minecraft:custom_data": {
								  "Tags": [
									"shield_fire_res"
								  ]
								}
							  }
						}
					]
				},
				{
					"type": "minecraft:item",
					"weight": 10,
					"name": "minecraft:blackstone",
					"functions": [
						{
							"function": "minecraft:set_count",
							"count": {
								"min": 10,
								"max": 15
							}
						}
					]
				},
				{
					"type": "minecraft:item",
					"weight": 5,
					"name": "minecraft:gold_ingot",
					"functions": [
						{
							"function": "minecraft:set_count",
							"count": {
								"min": 10,
								"max": 15
							}
						}
					]
				},
				{
					"type": "minecraft:item",
					"weight": 10,
					"name": "minecraft:crying_obsidian",
					"functions": [
						{
							"function": "minecraft:set_count",
							"count": {
								"min": 3,
								"max": 15
							}
						}
					]
				}
            ]
		}
	]
}
