{
  "type": "minecraft:tree",
  "config": {
    "minimum_size": {
      "type": "minecraft:two_layers_feature_size"
    },
    "dirt_provider": {
      "type": "minecraft:simple_state_provider",
      "state": {
        "Name": "minecraft:dirt"
      }
    },
    "trunk_provider": {
      "type": "minecraft:simple_state_provider",
      "state": {
        "Name": "minecraft:crimson_hyphae"
      }
    },
    "foliage_provider": {
      "type": "minecraft:weighted_state_provider",
      "entries": [
        {
          "weight": 10,
          "data": {
            "Name": "minecraft:flowering_azalea_leaves"
          }
        },
        {
          "weight": 20,
          "data": {
            "Name": "minecraft:dark_oak_leaves",
            "Properties": {
              "distance": "3",
              "persistent": "true",
              "waterlogged": "false"
            }
          }
        },
        {
          "weight": 1,
          "data": {
            "Name": "minecraft:pearlescent_froglight",
            "Properties": {
              "axis": "x"
            }
          }
        }
      ]
    },
    "trunk_placer": {
      "type": "minecraft:upwards_branching_trunk_placer",
      "base_height": 5,
      "height_rand_a": 2,
      "height_rand_b": 6,
      "extra_branch_steps": {
        "type": "minecraft:uniform",
          "min_inclusive": 2,
          "max_inclusive": 4
      },
      "extra_branch_length": {
        "type": "minecraft:uniform",
          "min_inclusive": 2,
          "max_inclusive": 4
      },
      "place_branch_per_log_probability": 0.1,
      "can_grow_through": "minecraft:air"
    },
    "foliage_placer": {
      "type": "minecraft:blob_foliage_placer",
      "radius": {
        "type": "minecraft:uniform",
          "min_inclusive": 2,
          "max_inclusive": 3
      },
      "offset": 0,
      "height": 3
    },
    "decorators": [
      {
        "type": "minecraft:alter_ground",
        "provider": {
          "type": "minecraft:weighted_state_provider",
          "entries": [
            {
              "weight": 10,
              "data": {
                "Name": "minecraft:grass_block"
              }
            },
            {
              "weight": 20,
              "data": {
                "Name": "minecraft:crimson_hyphae",
                "Properties": {
                  "distance": "3",
                  "persistent": "true",
                  "waterlogged": "false"
                }
              }
            },
            {
              "weight": 1,
              "data": {
                "Name": "minecraft:amethyst_block",
                "Properties": {
                  "axis": "x"
                }
              }
            }
          ]
        }
      }
    ]
  }
}
