{
	"type": "minecraft:tree",
	"config": {
		"ignore_vines": true,
		"force_dirt": false,
		"minimum_size": {
			"type": "minecraft:two_layers_feature_size",
			"min_clipped_height": 1,
			"limit": 1,
			"lower_size": 0,
			"upper_size": 1
		},
		"dirt_provider": {
			"type": "minecraft:simple_state_provider",
			"state": {
				"Name": "minecraft:dirt"
			}
		},
		"trunk_provider": {
			"type": "minecraft:simple_state_provider",
			"state": {
				"Name": "minecraft:quartz_pillar",
				"Properties": {
					"axis": "y"
				}
			}
		},
		"foliage_provider": {
			"type": "minecraft:simple_state_provider",
			"state": {
				"Name": "minecraft:crying_obsidian"
			}
		},
		"trunk_placer": {
			"type": "minecraft:upwards_branching_trunk_placer",
			"base_height": 4,
			"height_rand_a": 1,
			"height_rand_b": 2,
			"extra_branch_steps": 1,
			"extra_branch_length": 0,
			"place_branch_per_log_probability": 0,
			"can_grow_through": "minecraft:end_stone"
		},
		"foliage_placer": {
			"type": "minecraft:spruce_foliage_placer",
			"radius": {
				"type": "minecraft:uniform",
					"min_inclusive": 1,
					"max_inclusive": 3
			},
			"offset": 0,
			"trunk_height": {
				"type": "minecraft:uniform",
					"min_inclusive": 2,
					"max_inclusive": 4
			}
		},
		"decorators": []
	}
}
