{
  "type": "minecraft:tree",
  "config": {
    "force_dirt": true,
    "minimum_size": {
      "type": "minecraft:two_layers_feature_size"
    },
    "dirt_provider": {
      "type": "minecraft:simple_state_provider",
      "state": {
        "Name": "minecraft:stone"
      }
    },
    "trunk_provider": {
      "type": "minecraft:simple_state_provider",
      "state": {
        "Name": "minecraft:glowstone"
      }
    },
    "foliage_provider": {
      "type": "minecraft:simple_state_provider",
      "state": {
        "Name": "minecraft:glowstone"
      }
    },
    "trunk_placer": {
      "type": "minecraft:upwards_branching_trunk_placer",
      "base_height": 5,
      "height_rand_a": 2,
      "height_rand_b": 1,
      "extra_branch_steps": {
        "type": "minecraft:uniform",
          "min_inclusive": 1,
          "max_inclusive": 3
      },
      "extra_branch_length": {
        "type": "minecraft:uniform",
          "min_inclusive": 1,
          "max_inclusive": 3
      },
      "place_branch_per_log_probability": 0.5,
      "can_grow_through": "minecraft:air"
    },
    "foliage_placer": {
      "type": "minecraft:acacia_foliage_placer",
      "radius": 0,
      "offset": 0
    },
    "decorators": []
  }
}
