{
	"feature": "cultepack:glowstone_arbre",
	"placement": [
		{
			"type": "minecraft:noise_based_count",
			"noise_to_count_ratio": 1,
			"noise_factor": 280,
			"noise_offset": 0.75
		},
		{
			"type": "minecraft:rarity_filter",
			"chance": 22
		},
		{
			"type": "heightmap",
			"heightmap": "WORLD_SURFACE_WG"
		},
		{
			"type": "biome"
		},
		{
			"type": "environment_scan",
			"direction_of_search": "down",
			"max_steps": 6,
			"target_condition": {
				"type": "minecraft:all_of",
				"predicates": [
					{
						"type": "minecraft:matching_blocks",
						"offset": [
							0,
							4,
							0
						],
						"blocks": [
							"minecraft:air"
						]
					}
				]
			}
		},
		
		{
			"type": "minecraft:block_predicate_filter",
			"predicate": {
				"type": "minecraft:matching_blocks",
				"offset": [
					0,
					-1,
					0
				],
				"blocks": "minecraft:grass_block"
			}
		}
	]
}
