{
    "feature": "cultepack:grass_extension",
    "placement": [
      {
        "type": "minecraft:count",
        "count": 10
      },
      {
        "type": "minecraft:in_square"
      },
      {
        "type": "minecraft:heightmap",
        "heightmap": "WORLD_SURFACE_WG"
      },
      {
        "type": "minecraft:random_offset",
        "xz_spread": 0,
        "y_spread": -1
      },
      {
        "type": "minecraft:block_predicate_filter",
        "predicate": {
          "type": "minecraft:matching_blocks",
          "blocks": "minecraft:stone"
        }
      },
      {
        "type": "minecraft:biome"
      }
    ]
  }