{
	"feature": "cultepack:ile_arbre_4",
	"placement": [
		{
			"type": "minecraft:count",
			"count": {
				"type": "minecraft:uniform",
					"min_inclusive": 0,
					"max_inclusive": 1
			}
		},
		{
			"type": "minecraft:in_square"
		},
		{
			"type": "heightmap",
			"heightmap": "WORLD_SURFACE_WG"
		},
		{
			"type": "biome"
		},
		{
			"type": "environment_scan",
			"direction_of_search": "up",
			"max_steps": 6,
			"target_condition": {
				"type": "minecraft:all_of",
				"predicates": [
					{
						"type": "minecraft:matching_blocks",
						"offset": [
							0,
							6,
							0
						],
						"blocks": [
							"minecraft:air"
						]
					}
				]
			}
		},
		{
			"type": "minecraft:block_predicate_filter",
			"predicate": {
				"type": "minecraft:matching_blocks",
				"offset": [
					0,
					-1,
					0
				],
				"blocks": "minecraft:grass_block"
			}
		}
	]
}
