{
	"fallback": "minecraft:empty",
	"elements": [
		{
			"weight": 1,
			"element": {
				"element_type": "minecraft:single_pool_element",
				"projection": "rigid",
				"location": "cultepack:village_ocean/maison/maison_1",
				"processors": "minecraft:empty"
			}
			
		},
		{
			"weight": 1,
			"element": {
				"element_type": "minecraft:single_pool_element",
				"projection": "rigid",
				"location": "cultepack:village_ocean/maison/maison_2",
				"processors": "minecraft:empty"
			}
			
		},
		{
			"weight": 1,
			"element": {
				"element_type": "minecraft:single_pool_element",
				"projection": "rigid",
				"location": "cultepack:village_ocean/maison/maison_3",
				"processors": "minecraft:empty"
			}
			
		},
		{
			"weight": 1,
			"element": {
				"element_type": "minecraft:single_pool_element",
				"projection": "rigid",
				"location": "cultepack:village_ocean/maison/maison_4",
				"processors": "minecraft:empty"
			}
			
		}
	]
}
