{
	"fallback": "minecraft:empty",
	"elements": [
		{
			"weight": 2,
			"element": {
				"element_type": "minecraft:single_pool_element",
				"projection": "rigid",
				"location": "cultepack:village_ocean/rue/rue_1",
				"processors": "minecraft:empty"
			}
			
		},
		{
			"weight": 1,
			"element": {
				"element_type": "minecraft:single_pool_element",
				"projection": "rigid",
				"location": "cultepack:village_ocean/rue/rue_croix",
				"processors": "minecraft:empty"
			}
			
		}
		
		
	]
}
