{
	"temperature": 0.7,
	"downfall": 0.9,
	"has_precipitation": true,
	"effects": {
		"sky_color": 7907327,
		"fog_color": 12638463,
		"water_color": 3832426,
		"water_fog_color": 5077600,
		"grass_color": 2407685,
		"foliage_color": 9285927,
		"ambient_sound": {
		  "sound_id": "marais"
		}
	},
	"spawners": {
		"monster": [
			{
				"type": "minecraft:witch",
				"weight": 1,
				"minCount": 1,
				"maxCount": 2
			},	{
				"type": "minecraft:spider",
				"weight": 2,
				"minCount": 2,
				"maxCount": 3
			},
			{
				"type": "minecraft:bogged",
				"weight": 2,
				"minCount": 1,
				"maxCount": 1
			},
			{
				"type": "minecraft:creeper",
				"weight": 1,
				"minCount": 1,
				"maxCount": 1
			},
			{
				"type": "minecraft:drowned",
				"weight": 1,
				"minCount": 3,
				"maxCount": 6
			}
		]
	},
	"spawn_costs": {},
	"carvers": {
		"air": [
			"minecraft:cave",
			"minecraft:cave_extra_underground",
			"minecraft:canyon"
		]
	},
	"features": [
		[],
		[
			"minecraft:lake_lava_underground",
			"minecraft:lake_lava_surface"
		],
		[
			"cultepack:grass_extension",
			"minecraft:fossil_upper"
		],
		[],
		["cultepack:mangrove"],
		
		[
			"flower_flower_forest",
			"flower_forest_flowers",
			"patch_grass_jungle"
			],
		[
			"minecraft:spring_water",
			"cultepack:eau1"
		],
		[
			"minecraft:glow_lichen",
			"minecraft:lush_caves_ceiling_vegetation",
			"minecraft:patch_grass_normal",
			"minecraft:patch_dead_bush",
			"minecraft:patch_waterlily",
			"minecraft:seagrass_swamp"
		],
		["cultepack:glowstone_arbre"],
		["cultepack:fond_eau"],
		["cultepack:bedrock"]
		
	]
}