{
	"temperature": 0.9,
	"downfall": 0,
	"has_precipitation": false,
	"effects": {
		"sky_color": 16711680,
		"fog_color": 16746004,
		"water_color": 1609472,
		"water_fog_color": 1769268,
		"grass_color": 1315845,
		"foliage_color": 3222315,
		"ambient_sound": {
		  "sound_id": "zone_morte"
		},
    "mood_sound": {
      "sound": "minecraft:ambient.basalt_deltas.mood",
      "tick_delay": 6000,
      "block_search_extent": 8,
      "offset": 2
    },
    "additions_sound": {
      "sound": "minecraft:ambient.basalt_deltas.additions",
      "tick_chance": 0.0111
    },
    "particle": {
      "options": {
        "type": "minecraft:white_ash"
      },
      "probability": 0.118093334
    
  }
	},
	"spawners": {
		"creature": [
			{
				"type": "minecraft:magma_cube",
				"weight": 4,
				"minCount": 1,
				"maxCount": 4
			},
			{
				"type": "minecraft:blaze",
				"weight": 4,
				"minCount": 3,
				"maxCount": 5
			},
			{
				"type": "minecraft:ghast",
				"weight": 4,
				"minCount": 1,
				"maxCount": 1
			},
			{
				"type": "minecraft:wither_skeleton",
				"weight": 4,
				"minCount": 1,
				"maxCount": 2
			},
			{
				"type": "minecraft:skeleton",
				"weight": 2,
				"minCount": 1,
				"maxCount": 2
			},
			{
				"type": "minecraft:wither",
				"weight": 1,
				"minCount": 0,
				"maxCount": 1
			}
		]
	},
	"spawn_costs": {},
	"carvers": {},
	"features": [
		[
			"minecraft:lake_lava_surface",
			"minecraft:spring_lava"
		],
		[],
		[
		 "cultepack:ile_arbre_4"
		],
		[],
		["cultepack:pique_lave"],
		["cultepack:fond"],
		[],
		[],
		[],
		["cultepack:bedrock"]


	]

				
}
