{
	"type": "minecraft:tree",
	"config": {
		"ignore_vines": true,
		"force_dirt": false,
		"minimum_size": {
			"type": "minecraft:two_layers_feature_size"
		},
		"dirt_provider": {
			"type": "minecraft:simple_state_provider",
			"state": {
				"Name": "minecraft:magma_block"
			}
		},
		"trunk_provider": {
			"type": "minecraft:weighted_state_provider",
			"entries": [
				{
					"weight": 1,
					"data": {
						"Name": "minecraft:gilded_blackstone"
					}
				},
				{
					"weight": 1,
					"data": {
						"Name": "minecraft:magma_block"
					}
				}
			]
		},
		"foliage_provider": {
			"type": "minecraft:simple_state_provider",
			"state": {
				"Name": "minecraft:lava"
			}
		},
		"trunk_placer": {
			"type": "minecraft:upwards_branching_trunk_placer",
			"base_height": 5,
			"height_rand_a": 2,
			"height_rand_b": 10,
			"extra_branch_steps": {
				"type": "minecraft:uniform",
					"min_inclusive": 1,
					"max_inclusive": 3
			},
			"extra_branch_length": {
				"type": "minecraft:uniform",
					"min_inclusive": 2,
					"max_inclusive": 3
			},
			"place_branch_per_log_probability": 0.5,
			"can_grow_through": "minecraft:air"
		},
		"foliage_placer": {
			"type": "minecraft:fancy_foliage_placer",
			"radius": 1,
			"offset": 0,
			"height": 1
		},
		"decorators": [
			{
				"type": "minecraft:alter_ground",
				"provider": {
					"type": "minecraft:weighted_state_provider",
					"entries": [
						{
							"weight": 1,
							"data": {
								"Name": "minecraft:gilded_blackstone"
							}
						},
						{
							"weight": 1,
							"data": {
								"Name": "minecraft:magma_block"
							}
						}
					]
				}
			}
		]
	}
}